<?xml version="1.0" encoding="utf-8"?>
<!DOCTYPE article
  PUBLIC "-//NLM//DTD JATS (Z39.96) Journal Publishing DTD v1.1 20151215//EN" "https://jats.nlm.nih.gov/publishing/1.1/JATS-journalpublishing1.dtd">
<article article-type="research-article" dtd-version="1.1" specific-use="sps-1.8" xml:lang="es" xmlns:mml="http://www.w3.org/1998/Math/MathML" xmlns:xlink="http://www.w3.org/1999/xlink">
	<front>
		<journal-meta>
			<journal-id journal-id-type="publisher-id">eci</journal-id>
			<journal-title-group>
				<journal-title>E-Ciencias de la Información</journal-title>
				<abbrev-journal-title abbrev-type="publisher">E-Ciencias de la Información</abbrev-journal-title>
			</journal-title-group>
			<issn pub-type="epub">1659-4142</issn>
			<publisher>
				<publisher-name>Universidad de Costa Rica, Escuela de Bibliotecología y Ciencias de la Información</publisher-name>
			</publisher>
		</journal-meta>
		<article-meta>
			<article-id pub-id-type="doi">10.15517/eci.v12i1.48603</article-id>
			<article-categories>
				<subj-group subj-group-type="heading">
					<subject>Articulos científicos</subject>
				</subj-group>
			</article-categories>
<title-group>
<article-title>Características de calidad digital de las revistas mexicanas calificadas en el Catálogo 2.0 de Latindex</article-title>
<trans-title-group xml:lang="en">
<trans-title>Digital quality characteristics of Mexican academic journals assessed in the Latindex Catalog 2.0</trans-title>
</trans-title-group>
</title-group>
<contrib-group>
<contrib contrib-type="author">
<contrib-id contrib-id-type="orcid">0000-0002-0281-9613</contrib-id>
<name>
<surname>Alonso Gamboa</surname>
<given-names>José Octavio</given-names>
</name>
<xref ref-type="aff" rid="aff1"><sup>1</sup></xref>
</contrib>
<contrib contrib-type="author">
<contrib-id contrib-id-type="orcid">0000-0003-3488-7861</contrib-id>
<name>
<surname>Reyna Espinosa</surname>
<given-names>Felipe Rafael</given-names>
</name>
<xref ref-type="aff" rid="aff2"><sup>2</sup></xref>
</contrib>
</contrib-group>
<aff id="aff1">
<label>1</label>
<institution content-type="original">Universidad Nacional Autónoma de México, Dirección General de Bibliotecas y Servicios Digitales de Información, Ciudad de México, MÉXICO</institution>
<institution content-type="orgname">Universidad Nacional Autónoma de México</institution>
<institution content-type="normalized">Universidad Nacional Autónoma de México</institution>
<country country="MX">México</country>
<email>oalonso@unam.mx</email>
</aff>
<aff id="aff2">
<label>2</label>
<institution content-type="original">Universidad Nacional Autónoma de México, Ciudad de México, MÉXICO</institution>
<institution content-type="orgname">Universidad Nacional Autónoma de México</institution>
<institution content-type="normalized">Universidad Nacional Autónoma de México</institution>
<country country="MX">México</country>
<email>frre@unam.mx</email>
</aff>
<pub-date date-type="collection">
<season>Jan-Jun</season>
<year>2022</year>
</pub-date>
<volume>12</volume>
<issue>1</issue>
<fpage>40</fpage>
<lpage>58</lpage>
<history>
<date date-type="received">
<day>27</day>
<month>05</month>
<year>2021</year>
</date>
<date date-type="accepted">
<day>12</day>
<month>10</month>
<year>2021</year>
</date>
</history>
<permissions>
<copyright-year>2022</copyright-year>
<copyright-holder>E-Ciencias de la Información</copyright-holder>
<license license-type="open-access" xlink:href="https://creativecommons.org/licenses/by-nc-sa/4.0/" xml:lang="es">
<license-p>Esta obra está bajo una Licencia Creative Commons Atribución-NoComercial-CompartirIgual 4.0 Internacional.</license-p>
</license>
</permissions>
<abstract>
<title>Resumen</title>
<p><bold>Objetivo:</bold> identificar el grado de integración de características de calidad inherentes a las revistas digitales para valorar la forma en cómo están aprovechando las actuales herramientas que facilitan el acceso y uso de información científica. <bold>Metodología</bold>: se seleccionan las ocho características digitales de la metodología del Catálogo 2.0 de Latindex y se comprueba su presencia en los sitios web institucionales de 195 revistas académicas editadas en México. <bold>Resultados</bold>: Las características que presentan menor ocurrencia son los servicios de interactividad con las personas lectoras, el uso de más de un formato de edición para la consulta de los textos completos, así como el establecimiento de políticas de preservación digital, todas ellas con menos del 50% de cumplimiento. Del grupo estudiado, 127 revistas (65%) integraron entre cinco y ocho características en sus sitios web. <bold>Conclusiones</bold>: Se percibe que las revistas del estudio cumplen de manera diferente en la integración de los criterios de calidad digital; asimismo, se hace evidente que la mayoría no aprovechan a cabalidad las herramientas y servicios digitales disponibles en el gestor OJS, el cual es utilizado por casi la totalidad de las revistas analizadas. Se evidencia que aún hay trabajo por realizar para fomentar la integración de un mayor número de herramientas digitales, particularmente en las revistas que integran un mínimo de ellas y que sin embargo son denominadas digitales a la par de aquellas que presentan una mayor adaptación digital.</p>
</abstract>
<trans-abstract xml:lang="en">
<title>Abstract</title>
<p><bold>Objective</bold>: to identify the degree of integration of quality characteristics inherent to digital journals in order to assess how they are taking advantage of the current tools that facilitate the access and use of scientific information. <bold>Methodology</bold>: Eight digital characteristics of the Latindex Catalog 2.0 methodology were selected and their presence was verified in the institutional websites of 195 journals edited in Mexico. <bold>Results</bold>: Characteristics with a lesser degree of presence are: interactivity services with readers, use of more than one editing format for full text consultation, as well as the establishing of digital preservation policies, all of them with a compliance of less than 50%. Of the studied group, 127 journals (65%) integrated between five and eight characteristics on their websites. <bold>Conclusions</bold>: The integration of the eight quality criteria inherent to digital journals is differentially met by the studied publications. Likewise, it became clear that the digital tools and services available in the OJS manager are not being fully exploited by most of the analyzed journals. One of the most important findings is that there is necessary to promote the integration of a greater number of the characteristics specific to digital journals, particularly in those that remain in a very basic level and that nevertheless are referred as digital on par with other journals that have a higher digital adaptation.</p>
</trans-abstract>
<kwd-group xml:lang="es">
<title>Palabras clave</title>
<kwd>Revistas digitales</kwd>
<kwd>revistas académicas</kwd>
<kwd>calidad editorial</kwd>
<kwd>Latindex</kwd>
<kwd>México</kwd>
</kwd-group>
<kwd-group xml:lang="en">
<title>Keywords</title>
<kwd>Digital journals</kwd>
<kwd>Scholarly journals</kwd>
<kwd>Editorial quality</kwd>
<kwd>Latindex</kwd>
<kwd>Mexico</kwd>
</kwd-group>
<counts>
<fig-count count="1"/>
<table-count count="3"/>
<equation-count count="0"/>
<ref-count count="18"/>
<page-count count="19"/>
</counts>
</article-meta>
</front>
<body>
<sec sec-type="intro">
<title><bold>1. Introducción</bold></title>
<p>Las revistas académicas digitales han venido integrando nuevas funcionalidades y servicios para enriquecer y diversificar la forma de comunicar ciencia y llegar a audiencias más amplias, aprovechando las ventajas del medio digital y en particular, su extendida presencia en internet. Sin importar en qué país son editadas, las revistas digitales pueden aspirar a que sus contenidos sean leídos y potencialmente citados, más allá de las fronteras nacionales lo que facilita su integración al diálogo científico global.</p>
<p>En México, las revistas académicas han consolidado procesos de gestión que les han permitido integrar criterios de calidad editorial ampliamente aceptados, basados en normatividad internacional y en la adopción de buenas prácticas editoriales (Alonso-Gamboa, Reyna-Espinosa y Sánchez-Islas, <xref ref-type="bibr" rid="ref3">2015</xref>). Adicionalmente, un buen número de revistas mexicanas han transitado hacia el soporte digital mediante el cual distribuyen y dan acceso al conocimiento científico, creando sus propios sitios web y adoptando los preceptos del acceso abierto a la comunicación científica. Desde 2008 se ha identificado un incremento notable de revistas mexicanas disponibles en línea, ya sean publicaciones impresas que también tienen una versión digital, así como publicaciones nacidas totalmente en línea, por lo que se percibe una franca tendencia hacia la publicación digital de revistas académicas en el país (<xref ref-type="bibr" rid="ref4">Alonso Gamboa y Reyna Espinosa, 2016</xref>).</p>
<p>La construcción de una revista científica conlleva la integración de variados elementos que incluyen aspectos editoriales, bibliotecológicos, administrativos, financieros, legales y desde luego, los aspectos tecnológicos (<xref ref-type="bibr" rid="ref18">Voutssás, 2012</xref>). Si bien las revistas digitales han adoptado ampliamente criterios de calidad derivados de sus antecesoras impresas, también han debido incursionar en nuevos enfoques, con el objetivo de facilitar que sus contenidos sean accesibles, leídos, descargados, compartidos y cosechados en medios digitales. Estas acciones favorecen la visibilidad y uso de los contenidos debido a que, por ejemplo, la cosecha de metadatos permite su más fácil y rápida integración en bases de datos y sistemas cosechadores de información (<xref ref-type="bibr" rid="ref14">Padula, 2019</xref>).</p>
<p>Además, disponer de revistas académicas digitales resulta ahora indispensable. La pandemia del Covid-19 ha demostrado que en el mundo académico la conexión a internet facilita el acceso universal a la información científica; las publicaciones impresas carentes de una versión digital han quedado confinadas en las oficinas de las instituciones editoras o en las bibliotecas físicas, junto con el resto de los materiales impresos, a la espera de tiempos mejores.</p>
<p>Ahora bien, ¿de qué manera se están adaptando las revistas académicas editadas en México al proceso de comunicación científica en medios digitales? Con esta pregunta se busca conocer el grado de integración y adopción de características digitales en un conjunto de revistas y valorar la forma como están aprovechando las actuales herramientas que permiten que el conocimiento científico esté disponible de manera más amplia y expedita. Con tal propósito, en este artículo se realiza un análisis de las características de calidad digital propuestas por el Catálogo 2.0 de Latindex, verificando su presencia en los sitios web institucionales de cada revista, para comprobar si cumplen con ellas.</p>
<p>Con este análisis se busca conocer cuáles características están presentes y cuáles son más difíciles de integrar para contribuir a un mejor conocimiento sobre cuáles son las herramientas tecnológicas que están utilizando las revistas en México, así como orientar posibles acciones de capacitación. Desde luego, se parte de la idea de que la calidad de una revista no puede verse por separado, ya que es el conjunto de criterios el que finalmente ofrece una visión completa de la calidad integral de una publicación.</p>
</sec>
<sec sec-type="materials|methods">
<title><bold>2. Referente Teórico</bold></title>
<p>El concepto revista digital utilizado en este artículo hace referencia a una revista con contenido científico académico que incorpora herramientas digitales cuyas  funcionalidades facilitan la identificación, acceso y uso de sus contenidos. Estas revistas han de observar además las normas y buenas prácticas editoriales vigentes. El concepto reconoce en las revistas digitales una evolución al integrar herramientas más sofisticadas que las hace diferentes de las simples copias electrónicas de las revistas en papel que aparecieron durante la primera mitad de la década de los noventa del siglo XX. Se debe recordar que las primeras revistas, entonces identificadas como electrónicas, eran una repetición de los diseños tipográficos, modelos formales y estructuras lógicas y de contenido vigentes en el soporte papel (<xref ref-type="bibr" rid="ref10">Delgado López-Cózar, 2015</xref>). Actualmente, las revistas digitales están disponibles en línea y pueden o no seguir publicándose en soporte impreso.</p>
<p>Estudios recientes indican que el uso de herramientas digitales en la ciencia tiene efectos que van desde la producción del conocimiento científico pasando por el diseño y organización de la investigación, la recolección de datos hasta el análisis, difusión y evaluación de los resultados (<xref ref-type="bibr" rid="ref9">del Castillo et al., 2021</xref>). Para estos autores la digitalización ha incidido en la cultura académica haciéndola una práctica más abierta y colaborativa que ha permitido trascender fronteras.</p>
<p>En México, es clara la importancia que se dispensa a las revistas digitales, ya que el Consejo Nacional de Ciencia y Tecnología (CONACYT) somete a registro y evaluación periódica a este tipo de revistas y vigila su calidad y pertinencia (<xref ref-type="bibr" rid="ref7">CONACYT, 2019</xref>). Como organismo rector de la política pública en favor de las revistas, CONACYT dispone de un instrumento denominado “Sistema de Clasificación de Revistas Mexicanas de Ciencia y Tecnología” (CRMCyT) que busca elevar la calidad, visibilidad e impacto de las revistas científicas para fomentar la difusión y divulgación de la ciencia y la tecnología generada en el país.</p>
<p>El interés por dotar a las revistas científicas de herramientas digitales refuerza a las tradicionales características de calidad ampliamente reconocidas como la revisión por pares, la internacionalización de las autorías y los cuerpos asesores editoriales, así como la visibilidad de las revistas, entre otras. Actualmente, los sistemas de evaluación de revistas incluyen aspectos inherentes a las revistas digitales, como es el caso del sistema CRMCyT antes mencionado, que incluye un apartado de “Accesibilidad” que integra cuatro criterios, o el Directory of Open Access Journals-DOAJ (<ext-link ext-link-type="uri" xlink:href="https://doaj.org/apply/transparency">https://doaj.org/apply/transparency</ext-link>/) que en su apartado de transparencia y buenas prácticas integra consideraciones generales sobre el sitio web de la revista, el acceso a los artículos, las licencias de uso o sus políticas de archivo.</p>
<p>Disponer de revistas digitales que faciliten el acceso y uso de la información científica disponible en línea, es un tema que ha despertado interés en Iberoamérica y existen estudios con enfoques diversos, por ejemplo, la definición de características generales de calidad en este tipo de revistas (<xref ref-type="bibr" rid="ref11">López Ornelas y Cordero Arroyo, 2005</xref>); el análisis de la calidad de las revistas digitales que utilizan sistemas gestores de edición electrónica (<xref ref-type="bibr" rid="ref8">Costa &amp; Guimarães, 2010</xref>); la presencia del identificador DOI en las publicaciones (<xref ref-type="bibr" rid="ref12">Martín, 2013</xref>); la disponibilidad de datos brutos en las revistas científicas (Aleixandre-Benavent, et al. <xref ref-type="bibr" rid="ref2">2015</xref>); el uso de redes sociales en revistas digitales (<xref ref-type="bibr" rid="ref13">Martínez Guerrero, 2018</xref>); el establecimiento de políticas de preservación digital (Barros, Castro y Márdero Arellano, <xref ref-type="bibr" rid="ref6">2018</xref>) o la valoración de la calidad de revistas científicas digitales en servicios de información internacionales (Passos, Passos, Caregnato y Silva, <xref ref-type="bibr" rid="ref15">2018</xref>).</p>
<p>A pesar del número creciente de revistas digitales que se editan en México, se parte de la hipótesis de que existen diferentes niveles de adaptación digital donde conviven publicaciones que pueden ser competitivas al explotar a cabalidad los recursos tecnológicos disponibles, junto con otras que apenas integran algunas características digitales.</p>
</sec>
<sec sec-type="methods">
<title><bold>3. Metodología</bold></title>
<sec>
<title>3.1 Enfoque</title>
<p>El estudio cuantifica la presencia de características de calidad digital de acuerdo con la nueva metodología del Catálogo 2.0 de Latindex, disponible para consulta en <ext-link ext-link-type="uri" xlink:href="https://www.latindex.org/latindex/meto2">https://www.latindex.org/latindex/meto2</ext-link>.</p>
<p>La versión actual del Catálogo Latindex se compone de 38 características de calidad editorial organizadas en cinco grupos:</p>
<p>
<list list-type="order">
<list-item>
<p>1. Características básicas: agrupa siete características obligatorias para ingresar al Catálogo. En este grupo se encuentran los aspectos que permiten establecer la responsabilidad editorial y el respaldo institucional de una revista, la generación continua de sus contenidos, las instrucciones para publicar y la revisión por pares, la cual debe ser descrita con la mayor completitud posible;</p>
<p>2. Características de presentación: siete características tales como la mención de periodicidad, las fechas de aceptación y publicación de los documentos postulados, así como la identificación institucional de los cuerpos editoriales que apoyan a la revista y de los autores que publican en ellas;</p>
<p>3. Características de gestión y política editorial: son ocho características que permiten identificar cómo se administra internamente la publicación y que también examina, entre otros aspectos, el cumplimiento de su periodicidad, su presencia en diversas bases de datos, así como la descripción de políticas respecto al uso de la información publicada, detección de plagio y códigos de ética;</p>
<p>4. Características de contenido: ocho características que indagan principalmente la estructura formal de los documentos publicados y su originalidad, así como la presencia de resúmenes y palabras clave, entre otros elementos y,</p>
<p>5. Características propias de las revistas en línea: ocho características cuyo objetivo es comprobar la implementación de herramientas tecnológicas y servicios digitales que facilitan la interoperabilidad, el uso de la información publicada, así como los servicios que facilitan la comunicación con los lectores. La comprobación de todas las características se realiza en el sitio web institucional de cada revista.</p>
</list-item>
</list>
</p>
<p>Las características utilizadas para este estudio corresponden a las denominadas “Características propias de las revistas en línea”. Además de describir el alcance de cada característica, se analiza su presencia en el conjunto de revistas estudiadas con la finalidad de conocer el grado de adhesión  a cada una de las características seleccionadas.</p>
</sec>
<sec>
<title>3.2 Población de estudio</title>
<p>Como universo de estudio se seleccionaron 195 revistas editadas en México, calificadas con la versión 2.0 del Catálogo Latindex entre octubre de 2018 y enero de 2020.</p>
<p>Del total de revistas estudiadas, 161 están incluidas en el Sistema de Clasificación de Revistas Mexicanas de Ciencia y Tecnología (CRMCyT) del Consejo Nacional de Ciencia y Tecnología (CONACYT) de México, en su versión 2019. Estas revistas constituyen la lista núcleo nacional y son reconocidas por su calidad editorial y de contenidos. Las revistas que pertenecen al CRMCyT no tienen que solicitar su calificación al Catálogo, ya que Latindex debe proporcionar información actualizada debido a que la pertenencia al Catálogo 2.0 confiere puntos en la evaluación de revistas que lleva a cabo el CONACYT. Las restantes 34 revistas no forman parte del sistema CRMCyT, pero solicitaron ser calificadas justamente para postular ante el CONACYT en convocatorias venideras.</p>
</sec>
<sec>
<title>3.3 Técnicas de recolección</title>
<p>Se solicitó a Latindex los resultados de las 195 revistas con los siguientes datos: título, ISSN electrónico, institución editora, así como el cumplimiento de las ocho características propias de revistas en línea.  Los resultados se vaciaron a un archivo de Excel indicando la información de cumplimiento (Sí/No) de las características de calidad digital para proceder a su cuantificación. Además se identificaron, directamente en el sitio web de cada revista, el uso del gestor OJS, así como información sobre el cobro por procesamiento de artículos (APC).</p>
</sec>
<sec>
<title>3.4 Procesamiento de análisis</title>
<p>El análisis de los resultados se ha centrado en las ocho características que integran el grupo denominado “Características propias de las revistas en línea”. Estas ocho características fueron escogidas por ser consideradas inherentes a la versión digital de una revista, ya que no pueden estar presentes en una publicación impresa. Las características que integran este grupo son:</p>
<p>
<list list-type="order">
<list-item>
<p>6. Uso de protocolos de interoperabilidad</p>
<p>7. Uso de diferentes formatos de edición</p>
<p>8. Servicios de valor agregado</p>
<p>9. Servicios de interactividad con la persona lectora</p>
<p>10. Buscadores</p>
<p>11. Uso de identificadores uniformes de recursos</p>
<p>12. Uso de estadísticas</p>
<p>13. Políticas de preservación digital</p>
</list-item>
</list>
</p>
<p>El criterio para asignar el cumplimiento de los criterios es la comprobación de su presencia en el sitio web institucional de la revista. Esta calificación constituye una “fotografía” al momento de la comprobación, misma que puede variar si la revista hace modificaciones o adiciones a su sitio web. En el caso de existir modificaciones sustanciales a las características editoriales, la revista puede ser calificada nuevamente a petición de la persona responsable de la revista.</p>
</sec>
</sec>
<sec sec-type="results">
<title><bold>4. Resultados</bold></title>
<p>De las 195 revistas analizadas, 172 (88 %) ingresaron al Catálogo 2.0 durante el periodo analizado, mientras que 23 (12 %) no alcanzaron a cumplir los requerimientos de la metodología. Las revistas que sí ingresaron al Catálogo cumplieron en promedio con el 87% (33 de 38) del total de características contenidas en los cinco grupos, lo que muestra una consolidación en la integración de criterios tradicionales de calidad derivados de normas y buenas prácticas editoriales, los cuales han sido ampliamente promovidos por diversos sistemas de información iberoamericanos.</p>
<p>La <xref ref-type="table" rid="t1">tabla 1</xref> muestra los resultados que estos dos grupos de revistas tuvieron en su calificación al Catálogo.</p>
<p>
<table-wrap id="t1">
<label>Tabla 1</label>
<caption>
<title>Grupos de revistas seleccionadas para el estudio</title>
</caption>
<table>
							<colgroup>
								<col/>
								<col/>
								<col/>									
								<col/>
							</colgroup>
<tbody>
<tr>
<td><bold>Grupo   de revistas</bold></td>
<td><bold>Total</bold></td>
<td><bold>Aceptadas   al Catálogo</bold></td>
<td><bold>No   aceptadas al Catálogo</bold></td>
</tr>
<tr>
<td>Revistas   CRMCyT</td>
<td>161</td>
<td>141</td>
<td>20</td>
</tr>
<tr>
<td>Otras   revistas</td>
<td>34</td>
<td>31</td>
<td>3</td>
</tr>
<tr>
<td>Total</td>
<td>195</td>
<td>172</td>
<td>23</td>
</tr>
</tbody>
</table>
  <table-wrap-foot>
    <fn id="TFN1">
       <p>Elaboración propia, 2020.</p>
    </fn>
  </table-wrap-foot>
</table-wrap>
</p>
<p>Es de destacar que de las 195 revistas analizadas, 178 (91 %) usan Open Journal Systems (OJS) como sistema para la presentación y administración de sus sitios web. Una implantación adecuada de este gestor tiende a facilitar el cumplimiento de varias de las características del Catálogo 2.0, habida cuenta que el 65.8 % de dichas características están incluidas en la versión 3 de OJS (<xref ref-type="bibr" rid="ref16">Polanco Cortés y Sánchez Islas, 2019</xref>). Otro dato relevante es que 178 de las 195 revistas (91 %) se declaran como revistas de acceso abierto según lo que manifiestan en sus respectivos sitios web institucionales; de ellas, únicamente 12 declaran aplicar cuotas por el procesamiento de artículos para cubrir costos por traducción de documentos del español al inglés, edición, marcaje XML y gestión del DOI, por citar algunos casos.</p>
<p>La <xref ref-type="table" rid="t2">tabla 2</xref> muestra la presencia de las ocho características seleccionadas, señalando el número de revistas, en orden descendente de cumplimiento. En esta tabla se muestra que la presencia de buscadores y los servicios de valor agregado ocurrieron en más del 80% de las revistas, mientras que las de menor cumplimiento fueron los servicios de interactividad, el uso de diferentes formatos de edición y las políticas de preservación digital que estuvieron presente en menos del 50 %.</p>
<p>
<table-wrap id="t2">
<label>Tabla 2</label>
<caption>
<title>Cumplimiento de las características digitales</title>
</caption>
<table>
							<colgroup>
								<col/>
								<col/>
								<col/>									
								<col/>								
								<col/>
								<col/>									
								<col/>								
								<col/>
								<col/>									
								<col/>
							</colgroup>
<tbody>
<tr>
<td><bold>Característica</bold></td>
<td><bold>Presente</bold></td>
<td><bold>Ausente</bold></td>
<td><bold>Cumplimiento   en porcentaje</bold></td>
</tr>
<tr>
<td>Buscadores</td>
<td>182</td>
<td>13</td>
<td>93</td>
</tr>
<tr>
<td>Servicios   de valor agregado</td>
<td>165</td>
<td>30</td>
<td>85</td>
</tr>
<tr>
<td>Uso de   identificadores uniformes de recursos</td>
<td>130</td>
<td>65</td>
<td>67</td>
</tr>
<tr>
<td>Uso de   estadísticas</td>
<td>117</td>
<td>78</td>
<td>60</td>
</tr>
<tr>
<td>Uso de   protocolos de interoperabilidad</td>
<td>105</td>
<td>90</td>
<td>54</td>
</tr>
<tr>
<td>Servicios   de interactividad con la persona lectora</td>
<td>96</td>
<td>99</td>
<td>49</td>
</tr>
<tr>
<td>Uso de   diferentes formatos de edición</td>
<td>89</td>
<td>106</td>
<td>46</td>
</tr>
<tr>
<td>Políticas   de preservación digital</td>
<td>71</td>
<td>124</td>
<td>36</td>
</tr>
<tr>
<td>Total</td>
<td> </td>
<td> </td>
<td>61</td>
</tr>
</tbody>
</table>
  <table-wrap-foot>
    <fn id="TFN2">
       <p>elaboración propia, 2020.</p>
    </fn>
  </table-wrap-foot>
</table-wrap>
</p>
<p>El criterio para dar por cumplida cada característica es el siguiente:</p>
<sec>
<title>4.1 Uso de protocolos de interoperabilidad</title>
<p>La revista debe incorporar protocolos de interoperabilidad y metadatos a nivel de artículo. En el caso de los protocolos se debe proporcionar la dirección electrónica para la cosecha de datos, indicando el protocolo que utiliza. En el caso de las revistas estudiadas, la mayoría incluyen metaetiquetas Dublin Core en sus artículos, pero no muestran ninguna dirección que permita la cosecha de sus contenidos.</p>
</sec>
<sec>
<title>4.2 Uso de diferentes formatos de edición</title>
<p>Para calificar, la revista debe usar más de un formato de edición para el despliegue y lectura de los textos completos de los documentos publicados. Sin embargo, más de la mitad de las revistas analizadas (106) siguen utilizando únicamente el formato PDF para la lectura de los textos completos.</p>
</sec>
<sec>
<title>4.3 Servicios de valor agregado</title>
<p>Para cumplir con esta característica, las revistas deben integrar en sus páginas web servicios multimedia como vídeo y sonido; facilidades para las personas lectoras con discapacidad visual; acceso a datos crudos como estadísticas o encuestas; indicaciones sobre cómo citar los artículos publicados en diferentes estilos de citación, entre otros. También se valoran elementos como la adopción del modelo de publicación continua o la inclusión de prácticas de ciencia abierta. En total, 165 revistas mostraron tener uno o más de estos valores.</p>
<p>Entre los valores agregados detectados se identificaron los siguientes, en orden descendente de uso:</p>
<p>
<list list-type="simple">
<list-item>
<p>· Interfaz del sitio web en más de un idioma (114 revistas)</p>
<p>· Ejemplos sobre cómo citar un artículo siguiendo diversas normas (99 revistas)</p>
<p>· Facilidades para personas lectoras con discapacidad visual (63 revistas)</p>
<p>· Información sobre métricas de la revista, con enlaces hacia los sitios que las generan (46 revistas)</p>
<p>· Enlaces a otros sitios de interés para la comunidad disciplinaria de la revista (42 revistas)</p>
<p>· Información sobre la organización interna de la revista (40 revistas)</p>
<p>· Historial de la revista (39 revistas)</p>
<p>· Adopción del modelo de publicación continua (30 revistas)</p>
<p>· Uso de vídeo o sonido (12 revistas)</p>
<p>· Acceso a archivos complementarios (11 revistas)</p>
</list-item>
</list>
</p>
</sec>
<sec>
<title>4.4 Servicios de interactividad con la persona lectora</title>
<p>Esta característica se cumple cuando la revista incluye servicios que facilitan la interactividad con las personas lectoras tales como las alertas que facilitan a los lectores estar informados de lo que se publica; presencia en redes sociales académicas; espacios para comentarios; uso de foros para discusión del contenido, widgets y blogs, entre otros. Un total de 96 publicaciones lo cumplieron, 93 de ellas debido a que utilizan redes sociales con un enfoque académico.</p>
</sec>
<sec>
<title>4.5 Buscadores</title>
<p>Para calificar, la revista debe contar con algún motor de búsqueda que permita realizar búsquedas por palabras o por índices, así como la posibilidad de utilizar operadores booleanos, entre otros. Los buscadores pueden ser tipo Google, de construcción propia, de OJS u otros, según se menciona en la metodología de Latindex. El objetivo es facilitar que los contenidos puedan ser identificados y recuperados de manera adecuada. Esta fue una de las características más cumplidas; entre las 13 revistas que no la cumplen se encuentran siete que están montadas en OJS, pero que no tienen activada la opción de búsqueda.</p>
</sec>
<sec>
<title>4.6 Uso de identificadores uniformes de recursos</title>
<p>Esta característica se da por cumplida cuando todos los artículos publicados en una revista utilizan identificadores uniformes de recursos. El uso del DOI fue identificado en los artículos de las 130 revistas que cumplieron con esta característica; otros identificadores como Handle o ARK (Archival Resource Key) no tuvieron presencia en las revistas mexicanas, al momento del estudio.</p>
</sec>
<sec>
<title>4.7 Uso de estadísticas</title>
<p>Para cumplir con esta característica, la revista debe proporcionar estadísticas de la página en general o de cada uno de los artículos publicados. En este caso, las revistas pueden apoyarse en herramientas como Google Cites, CiteULike, altmetría o bien las que proporciona OJS en caso de tener activada esa función. Los sitios web de 117 de las revistas estudiadas proporcionan algún tipo de estadísticas relacionadas con el uso de la página o de sus contenidos.</p>
</sec>
<sec>
<title>4.8 Políticas de preservación digital</title>
<p>Para cumplir con este criterio, las revistas deben informar detalladamente si han implementado alguna política que permita asegurar el acceso a sus contenidos digitales. Las revistas que usan OJS disponen de una opción que facilita su participación en sistemas de preservación distribuida como LOCKSS o CLOCKSS. Sin embargo, esta característica fue la menos cumplida, ya que la mayoría de las revistas se limitan a mostrar el texto y el enlace que por defecto proporciona OJS, sin brindar información adicional sobre las características y modalidades de la política de preservación que hayan establecido.</p>
<p>Además, se revisó también el número de características cumplidas en cada una de las revistas estudiadas, el cual varió desde un cumplimiento total (ocho características) en 15 revistas (8%) hasta un mínimo de una característica digital incluida, lo que ocurrió en tres revistas (1% del grupo estudiado). En este último caso, las revistas que solamente cumplieron una característica no lograron ingresar al Catálogo. Para las revistas que sí ingresaron, el número mínimo de características digitales cumplidas fue de tres.</p>
<p>En la <xref ref-type="fig" rid="f1">figura 1</xref> se muestra el número de revistas según el número de características cumplidas por cada una de ellas.</p>
<p>
<fig id="f1">
<label>Figura 1</label>
<caption>
<title>Número de características cumplidas por las revistas</title>
</caption>
<graphic xlink:href="1659-4142-eci-12-01-040-gf1.png" />
<attrib>Elaboración propia, 2021.</attrib>
</fig>
</p>
<p>De este resultado se desprende que el mayor número de revistas cumplió entre cuatro y seis de las ocho características, y solamente 81 cumplieron con seis o más. Fragmentado así, es evidente que en el grupo de revistas analizadas conviven publicaciones que integran un buen número de herramientas y servicios digitales en sus sitios web, junto con un grupo (el más pequeño) que apenas cumple con una o dos de las características. Las revistas del grupo que mostró el más bajo nivel de cumplimiento no reunió los mínimos requeridos por la metodología del Catálogo 2.0 y por lo tanto, no tienen dicha categoría.</p>
<p>No cabe duda que la integración de características digitales en las revistas mexicanas representa un esfuerzo adicional para los equipos editoriales. Este esfuerzo debe estar acompañado de un adecuado soporte institucional. La mayoría de las revistas mexicanas aquí estudiadas son editadas en instituciones académicas, principalmente universidades, instituciones de investigación no vinculadas a universidades y asociaciones científicas o profesionales, tal como se aprecia en la <xref ref-type="table" rid="t3">tabla 3</xref>.</p>
<p>
<table-wrap id="t3">
<label>Tabla 3</label>
<caption>
<title>Revistas del estudio según tipo de institución editora</title>
</caption>
<table>
							<colgroup>
								<col/>
								<col/>
								<col/>									
								<col/>								
								<col/>
								<col/>									
								<col/>
							</colgroup>
<tbody>
<tr>
<td><bold>Tipo   de institución editora</bold></td>
<td><bold>Número   de revistas</bold></td>
<td><bold>%</bold></td>
</tr>
<tr>
<td>Institución   educativa</td>
<td>150</td>
<td>77</td>
</tr>
<tr>
<td>Asociación   científica o profesional</td>
<td>18</td>
<td>9</td>
</tr>
<tr>
<td>Institución   de investigación (no asociada a universidades)</td>
<td>18</td>
<td>9</td>
</tr>
<tr>
<td>Institución   gubernamental</td>
<td>5</td>
<td>3</td>
</tr>
<tr>
<td>Institución   privada</td>
<td>4</td>
<td>2</td>
</tr>
<tr>
<td>Total</td>
<td>195</td>
<td>100</td>
</tr>
</tbody>
</table>
  <table-wrap-foot>
    <fn id="TFN3">
       <p>Elaboración propia, 2020.</p>
    </fn>
  </table-wrap-foot>
</table-wrap>
</p>
</sec>
</sec>
<sec sec-type="discussion">
<title><bold>5. Discusión </bold></title>
<p>El modelo de gestión prevalente en la edición de revistas en México sigue patrones ampliamente utilizados en América Latina, buscando consolidar estrategias que agreguen valor al movimiento de acceso abierto a la información y a la comunicación científica en medios digitales. De acuerdo con Banzato y Rozemblum, este modelo está basado en instituciones donde la edición científica es sostenida por fondos públicos, que no cobran por el procesamiento de artículos y donde los gestores de contenidos, en particular los dedicados a los aspectos técnicos, han de involucrarse en múltiples tareas  como la maquetación semántica que identifique metadatos, la interoperabilidad que permita la cosecha múltiple lo más automáticamente posible o el uso de identificadores persistentes, entre otros aspectos relevantes. Para estos autores, la gestión editorial realizada en la región requiere de herramientas tecnológicas que permitan a las revistas competir con los modelos comerciales (<xref ref-type="bibr" rid="ref5">Banzato y Rozemblum, 2019</xref>).</p>
<p>Las revistas científicas digitales mexicanas analizadas en este estudio, la mayoría adheridas al movimiento de acceso abierto, buscan cumplir ciertas condiciones que les permitan comunicar y compartir conocimiento, haciendo uso de la tecnología. Tanto para la comunidad de autores como de lectores, ahora resulta indispensable que las revistas incorporen herramientas y servicios digitales que faciliten una rápida y eficiente comunicación de resultados, una mayor visibilidad de lo publicado, al tiempo que promuevan la apertura de datos de investigación en el marco de la promoción de la ciencia abierta.</p>
<p>Al ver los resultados plasmados en la <xref ref-type="table" rid="t3">tabla 3</xref> se aprecia que las revistas estudiadas han incorporado poco más de la mitad de las características analizadas, con un cumplimiento intermedio. Varias pueden ser las razones para no haber alcanzado un mejor resultado: la falta de personal técnico en los equipos de trabajo editorial, la necesidad de adquirir nuevos conocimientos y habilidades o bien, escasos recursos económicos que les dificulta acceder a herramientas de edición web o desarrollar servicios que representan un costo, por ejemplo, la tarea de marcado de artículos o adquirir el identificador DOI.</p>
<p>Prácticamente el 95% de las revistas del estudio se editan en instituciones que cuentan con equipos editoriales pequeños y con dificultades para acceder a patrocinios más allá de los institucionales; la integración de muchas de las características propias de las revistas en línea supone una inversión en recursos humanos y económicos para favorecer la adecuada profesionalización de los equipos y sus procesos. Los equipos responsables de las revistas ahora han de pensar en digital, en referencia a contar con profesionales de tiempo completo formados específicamente para ello (<xref ref-type="bibr" rid="ref17">Rodríguez Yunta y Tejada Artigas, 2013</xref>).</p>
<p>Ciertamente, las actuales revistas digitales han evolucionado en relación con las primeras surgidas a finales de la década de los ochenta del siglo XX. Estas representaron a su vez, un avance respecto de sus contrapartes impresas por el simple hecho de colgar sus archivos PDF en internet y hacer accesible la información a un número mucho más amplio de lectores, sin las restricciones del medio analógico. Hay que recordar que las primeras revistas electrónicas reprodujeron los diseños formales y estructuras lógicas del soporte en papel, lo que entonces fue visto como un fenómeno natural dada la juventud de las nuevas tecnologías y el desconocimiento de las posibilidades de presentación, visualización y acceso a los contenidos (<xref ref-type="bibr" rid="ref10">Delgado López-Cózar, E. 2015</xref>). Actualmente, las revistas académicas digitales no pueden seguir reproduciendo la estructura tradicional de las publicaciones impresas, ya que hacerlo puede verse como un estancamiento o peor aún como un fracaso hacia la transición digital (<xref ref-type="bibr" rid="ref1">Aguado López, 2020</xref>).</p>
<p>Ahora bien, ¿qué beneficios representa la integración de características propias de las revistas en línea como las que considera el Catálogo Latindex? Para la revista como un todo, el uso de protocolos de interoperabilidad y metadatos se traduce, entre otras cosas, en una forma más ágil y segura de indexar sus contenidos. En la época de las publicaciones en papel, esta acción se realizaba mediante el envío de ejemplares impresos a los servicios indexadores, lo cual posteriormente fue reemplazado por el envío de archivos (principalmente PDF) que tenían que ser procesados manualmente por las personas documentalistas. Ahora, la cosecha de metadatos o el depósito de metadatos legibles por máquina, representan una forma de dotar de visibilidad a una revista de una manera más segura y expedita. Esta herramienta es relevante porque permite la transferencia de recursos digitales, principalmente de carácter científico y de acceso libre, entre diferentes buscadores de información especializados en cosechar artículos de revistas académicas, por ejemplo, BASE, CORE, Google Scholar o Microsoft Academic, por citar algunos.</p>
<p>A nivel de artículo, autores y lectores se ven beneficiados ante la posibilidad de incorporar video, sonido y otros valores agregados propios del proceso de comunicación científica digital o bien, la rapidez para comunicar los resultados tan pronto estos son dictaminados, cuando una revista adopta el modelo de publicación continua.  En este sentido, también impacta positivamente el uso de sistemas de identificación digital, ya que facilita por largo tiempo el enlace original del documento sin importar cambios de dirección o de servidor.</p>
<p>En cuanto a las estadísticas, lo que se busca es que los sitios web informen a los lectores y a los propios autores sobre los documentos que más han sido consultados, leídos o descargados. Al mismo tiempo, esta característica estimula el empleo de métricas alternativas que facilitan la medición de la actividad científica usando indicadores propios de la web 2.0, como un complemento a las métricas tradicionales basadas en el Factor de Impacto, el análisis de citas o el Índice de Hirsch, entre otros. Bajo este enfoque, las estadísticas de uso constituyen en sí un elemento intrínseco a las revistas digitales. La interactividad es otra característica digital cuyo objetivo es alentar la comunicación entre las personas lectoras y las personas responsables de la revista, prácticamente en tiempo real.</p>
<p>En los resultados también se observa que en las revistas mexicanas subsisten prácticas muy extendidas como el uso del PDF como formato único de despliegue de los textos completos, lo que va en detrimento de los lectores al no permitirles acceder a formatos enriquecidos como HTML o XML, que facilitan la interoperabilidad, el hipertexto, o aquellos que favorecen la lectura en dispositivos móviles.</p>
<p>Finalmente, la preservación digital de los contenidos es vista como una tarea esencial debido a que actualmente la permanencia de la información científica en internet depende en gran medida de la información almacenada en formato digital. Las políticas de preservación resultan indispensables porque la publicación en línea también ha propiciado la aparición de revistas de corta pervivencia, cuyos contenidos tienden a desaparecer de la red si no son debidamente resguardados.</p>
</sec>
<sec sec-type="conclusions">
<title><bold>6. Conclusiones</bold></title>
<p>El grupo de revistas estudiadas tiene en común hacer un amplio uso del gestor OJS, estar adheridas al movimiento de acceso abierto a la información y ser editadas en instituciones apoyadas por fondos públicos, como universidades o asociaciones científicas.</p>
<p>En cuanto a las ocho características analizadas, los buscadores de información resultaron ser los mejor aprovechados junto con los servicios de valor agregado. El uso de identificadores uniformes también estuvo presente en más de la mitad de las revistas y el estudio hizo evidente que el DOI es el único que utilizan. Otra característica digital presente en más de la mitad de las revistas fue el uso de estadísticas que dan cuenta de la cantidad de consultas, descargas y otras acciones sobre los contenidos publicados en los sitios web.</p>
<p>En cambio, otras herramientas tuvieron una integración más escasa: el uso de protocolos de interactividad cuyo cumplimiento requiere que dos elementos estén presentes: por un lado, que se proporcionen metaetiquetas a nivel de artículo y por el otro, la disponibilidad de una dirección donde se facilite la cosecha de contenidos. Si bien el uso de metaetiquetas, particularmente las Dublin Core, resultó ser muy amplia, la presencia de una URL para la cosecha de datos estuvo ausente en la gran mayoría de las revistas. Los servicios de interactividad por su parte se redujeron prácticamente a las redes sociales, mientras que el uso de otros formatos de edición se redujo al PDF; otros formatos más ricos están siendo integrados paulatinamente y no son por ahora los que mayor presencia tienen. Finalmente, en el caso de la preservación digital, la mayoría de los sitios web carecen de una política propia establecida y se limitan a remitir a las páginas de los servicios de preservación, que es una facilidad que OJS presenta por defecto.</p>
<p>Los resultados del estudio muestran que las revistas digitales mexicanas han incorporado de manera diferente herramientas y servicios digitales a sus sitios web: mientras algunas integran las características digitales a cabalidad, otras incorporan solamente un mínimo de ellas. A pesar de que nueve de cada 10 revistas usan el gestor OJS, es evidente que aún no se le explota por completo, a pesar de que las herramientas están ahí disponibles.</p>
<p>Finalmente, para alcanzar la adecuada transición digital de las revistas académicas mexicanas se requiere contar con financiamiento estable por parte de las instituciones que las editan, pues la integración de herramientas tecnológicas supone una inversión que debe ser considerada en los presupuestos. Esta inversión redunda en beneficios tanto para las instituciones editoras como para la comunidad académica a la que sirven. Con los resultados de este estudio se busca estimular la discusión sobre la forma como se están publicando las revistas digitales en el país, buscando generar propuestas que orienten y guíen a las personas involucradas en el trabajo editorial para producir mejores revistas académicas en formato digital. Un estudio que involucre a los editores, probablemente a través de encuestas, queda planteado como necesidad para conocer más de cerca las razones de los resultados encontrados en este estudio.</p>
</sec>
</body>
<back>
<ref-list>
<title>
<bold>7 Referencias</bold>
</title>
<ref id="ref1">
<mixed-citation>Aguado López, E. (agosto de 2020). El futuro del ecosistema de publicación NO comercial [Video]. En <italic>III Foro virtual: La agenda del acceso y la ciencia abiertos en la crisis pandémica: avances y desengaños. Dirección General de Bibliotecas y Servicios Digitales de Información</italic>. Universidad Nacional Autónoma de México, Ciudad de México, México. Recuperado de <ext-link ext-link-type="uri" xlink:href="https://www.facebook.com/bibliotecasUNAM/videos/368164434173211">https://www.facebook.com/bibliotecasUNAM/videos/368164434173211</ext-link>
</mixed-citation>
<element-citation publication-type="confproc">
<person-group person-group-type="author">
<name>
<surname>Aguado López</surname>
<given-names>E.</given-names>
</name>
</person-group>
<source>III Foro virtual: La agenda del acceso y la ciencia abiertos en la crisis pandémica: avances y desengaños. Dirección General de Bibliotecas y Servicios Digitales de Información</source>
<year>2020</year>
<publisher-loc>Ciudad de México, México</publisher-loc>
<publisher-name>Universidad Nacional Autónoma de México</publisher-name>
<comment>
<ext-link ext-link-type="uri" xlink:href="https://www.facebook.com/bibliotecasUNAM/videos/368164434173211">https://www.facebook.com/bibliotecasUNAM/videos/368164434173211</ext-link>
</comment>
<comment>Video</comment>
<conf-name>El futuro del ecosistema de publicación NO comercial</conf-name>
</element-citation>
</ref>
<ref id="ref2">
<mixed-citation>Aleixandre-Benavent, R., Vidal-Infer, A., Alonso-Arroyo, A., González de Dios, J., Ferrer-Sapena, A. y Peset, F. (2015). Disponibilidad en abierto de los artículos y los datos brutos de investigación en las revistas pediátricas españolas. <italic>Anales de pediatría, 82</italic>(1) 90-94. DOI: <ext-link ext-link-type="uri" xlink:href="http://dx.doi.org/10.1016/j.anpedi.2013.11.014">http://dx.doi.org/10.1016/j.anpedi.2013.11.014</ext-link>
</mixed-citation>
<element-citation publication-type="journal">
<person-group person-group-type="author">
<name>
<surname>Aleixandre-Benavent</surname>
<given-names>R.</given-names>
</name>
<name>
<surname>Vidal-Infer</surname>
<given-names>A.</given-names>
</name>
<name>
<surname>Alonso-Arroyo</surname>
<given-names>A.</given-names>
</name>
<name>
<surname>González de Dios</surname>
<given-names>J.</given-names>
</name>
<name>
<surname>Ferrer-Sapena</surname>
<given-names>A.</given-names>
</name>
<name>
<surname>Peset</surname>
<given-names>F.</given-names>
</name>
</person-group>
<article-title>Disponibilidad en abierto de los artículos y los datos brutos de investigación en las revistas pediátricas españolas</article-title>
<source>Anales de pediatría</source>
<year>2015</year>
<volume>82</volume>
<issue>1</issue>
<fpage>90</fpage>
<lpage>94</lpage>
<pub-id pub-id-type="doi">10.1016/j.anpedi.2013.11.014</pub-id>
</element-citation>
</ref>
<ref id="ref3">
<mixed-citation>Alonso-Gamboa, J. O., Reyna-Espinosa, F. R. y Sánchez-Islas, L. A. (2015). Características y calidad editorial de las revistas académicas mexicanas: la aportación de Latindex<italic>. Ci.Inf., Brasilia, DF, 44</italic>(2) 276-289. Recuperado de <ext-link ext-link-type="uri" xlink:href="http://revista.ibict.br/ciinf/article/view/1796/2372">http://revista.ibict.br/ciinf/article/view/1796/2372</ext-link>#</mixed-citation>
<element-citation publication-type="journal">
<person-group person-group-type="author">
<name>
<surname>Alonso-Gamboa</surname>
<given-names>J. O.</given-names>
</name>
<name>
<surname>Reyna-Espinosa</surname>
<given-names>F. R.</given-names>
</name>
<name>
<surname>Sánchez-Islas</surname>
<given-names>L. A.</given-names>
</name>
</person-group>
<article-title>Características y calidad editorial de las revistas académicas mexicanas: la aportación de Latindex</article-title>
<source>Ci.Inf., Brasilia, DF,</source>
<year>2015</year>
<volume>44</volume>
<issue>2</issue>
<fpage>276</fpage>
<lpage>289</lpage>
</element-citation>
</ref>
<ref id="ref4">
<mixed-citation>Alonso Gamboa, J. O. y Reyna Espinosa, F. R. (2016). Revistas académicas mexicanas: panorama y prospectiva. <italic>CIENCIA ergo sum, 22</italic>(3), 181-191. Recuperado de <ext-link ext-link-type="uri" xlink:href="https://cienciaergosum.uaemex.mx/article/view/7351/5876">https://cienciaergosum.uaemex.mx/article/view/7351/5876</ext-link>
</mixed-citation>
<element-citation publication-type="journal">
<person-group person-group-type="author">
<name>
<surname>Alonso Gamboa</surname>
<given-names>J. O.</given-names>
</name>
<name>
<surname>Reyna Espinosa</surname>
<given-names>F. R.</given-names>
</name>
</person-group>
<article-title>Revistas académicas mexicanas: panorama y prospectiva</article-title>
<source>CIENCIA ergo sum</source>
<year>2016</year>
<volume>22</volume>
<issue>3</issue>
<fpage>181</fpage>
<lpage>191</lpage>
<comment>
<ext-link ext-link-type="uri" xlink:href="https://cienciaergosum.uaemex.mx/article/view/7351/5876">https://cienciaergosum.uaemex.mx/article/view/7351/5876</ext-link>
</comment>
</element-citation>
</ref>
<ref id="ref5">
<mixed-citation>Banzato, G. y Rozemblum, C. (2019). Modelo sustentable de gestión editorial en Acceso Abierto en instituciones académicas. Principios y procedimientos. <italic>Palabra Clave (La Plata), 8</italic>(2), e069. <ext-link ext-link-type="uri" xlink:href="https://doi.org/10.24215/18539912e069">https://doi.org/10.24215/18539912e069</ext-link>
</mixed-citation>
<element-citation publication-type="journal">
<person-group person-group-type="author">
<name>
<surname>Banzato</surname>
<given-names>G.</given-names>
</name>
<name>
<surname>Rozemblum</surname>
<given-names>C.</given-names>
</name>
</person-group>
<article-title>Modelo sustentable de gestión editorial en Acceso Abierto en instituciones académicas. Principios y procedimientos</article-title>
<source>Palabra Clave (La Plata)</source>
<year>2019</year>
<volume>8</volume>
<issue>2</issue>
<pub-id pub-id-type="doi">10.24215/18539912e069</pub-id>
<elocation-id>e069</elocation-id>
</element-citation>
</ref>
<ref id="ref6">
<mixed-citation>Barros, D., Castro, J., &amp; Márdero Arellano, M. (2018). Mapeamento das Revistas do Portal de Periódicos da Universidade Federal do Pará: uma abordagem sobre a importância da elaboração de políticas e estratégias de preservação digital. <italic>Informação &amp; Informação, 23(</italic>3), 38-64. Recuperado de <ext-link ext-link-type="uri" xlink:href="http://repositorio.ufpa.br:8080/jspui/bitstream/2011/11318/1/Artigo_MapeamentoRevistasPortal.pdf">http://repositorio.ufpa.br:8080/jspui/bitstream/2011/11318/1/Artigo_MapeamentoRevistasPortal.pdf</ext-link>
</mixed-citation>
<element-citation publication-type="journal">
<person-group person-group-type="author">
<name>
<surname>Barros</surname>
<given-names>D.</given-names>
</name>
<name>
<surname>Castro</surname>
<given-names>J.</given-names>
</name>
<name>
<surname>Márdero Arellano</surname>
<given-names>M.</given-names>
</name>
</person-group>
<article-title>Mapeamento das Revistas do Portal de Periódicos da Universidade Federal do Pará: uma abordagem sobre a importância da elaboração de políticas e estratégias de preservação digital</article-title>
<source>Informação &amp; Informação</source>
<year>2018</year>
<volume>23</volume>
<issue>3</issue>
<fpage>38</fpage>
<lpage>64</lpage>
</element-citation>
</ref>
<ref id="ref7">
<mixed-citation>Consejo Nacional de Ciencia y Tecnología, (2019). <italic>Manual del Sistema de Clasificación de Revistas Mexicanas de Ciencia y Tecnología CRMCYT</italic>, Recuperado de <ext-link ext-link-type="uri" xlink:href="http://www.revistascytconacyt.mx/manual-sistema-crmcyt2019.pdf">http://www.revistascytconacyt.mx/manual-sistema-crmcyt2019.pdf</ext-link>
</mixed-citation>
<element-citation publication-type="webpage">
<person-group person-group-type="author">
<collab>Consejo Nacional de Ciencia y Tecnología</collab>
</person-group>
<source>Manual del Sistema de Clasificación de Revistas Mexicanas de Ciencia y Tecnología CRMCYT</source>
<year>2019</year>
<ext-link ext-link-type="uri" xlink:href="http://www.revistascytconacyt.mx/manual-sistema-crmcyt2019.pdf">http://www.revistascytconacyt.mx/manual-sistema-crmcyt2019.pdf</ext-link>
</element-citation>
</ref>
<ref id="ref8">
<mixed-citation>Costa, S., &amp; Guimarães, L. (2010). Qualidade de periódicos científicos eletrônicos brasileiros que utilizam o Sistema Eletrônico de Editoração de Revistas (SEER). <italic>Informação &amp; Informação, 15</italic>(1esp), 75-92. DOI: <ext-link ext-link-type="uri" xlink:href="http://dx.doi.org/10.5433/1981-8920.2010v15n1espp75">http://dx.doi.org/10.5433/1981-8920.2010v15n1espp75</ext-link>
</mixed-citation>
<element-citation publication-type="journal">
<person-group person-group-type="author">
<name>
<surname>Costa</surname>
<given-names>S.</given-names>
</name>
<name>
<surname>Guimarães</surname>
<given-names>L.</given-names>
</name>
</person-group>
<article-title>Qualidade de periódicos científicos eletrônicos brasileiros que utilizam o Sistema Eletrônico de Editoração de Revistas (SEER)</article-title>
<source>Informação &amp; Informação</source>
<year>2010</year>
<volume>15</volume>
<issue>1esp</issue>
<fpage>75</fpage>
<lpage>92</lpage>
<pub-id pub-id-type="doi">10.5433/1981-8920.2010v15n1espp75</pub-id>
</element-citation>
</ref>
<ref id="ref9">
<mixed-citation>del Castillo, Martín y Arza, V. (2021). La ciencia digital en América Latina: alcance y beneficios. <italic>Arbor, 197</italic>(799), a595. DOI:<ext-link ext-link-type="uri" xlink:href="https://doi.org/10.3989/arbor.2021.799008">https://doi.org/10.3989/arbor.2021.799008</ext-link>
</mixed-citation>
<element-citation publication-type="journal">
<person-group person-group-type="author">
<name>
<surname>del Castillo</surname>
<given-names>M.</given-names>
</name>
<name>
<surname>Arza</surname>
<given-names>V.</given-names>
</name>
</person-group>
<article-title>La ciencia digital en América Latina: alcance y beneficios</article-title>
<source>Arbor</source>
<year>2021</year>
<volume>197</volume>
<issue>799</issue>
<pub-id pub-id-type="doi">10.3989/arbor.2021.799008</pub-id>
<elocation-id>a595</elocation-id>
</element-citation>
</ref>
<ref id="ref10">
<mixed-citation>Delgado López-Cózar, E. (2015). Las revistas electrónicas en acceso abierto: pasado, presente y futuro. <italic>RELIEVE - Revista Electrónica de Investigación y Evaluación Educativa, 21</italic>(1). DOI: <ext-link ext-link-type="uri" xlink:href="http://dx.doi.org/10.7203/relieve.21.1.5005">http://dx.doi.org/10.7203/relieve.21.1.5005</ext-link>
</mixed-citation>
<element-citation publication-type="journal">
<person-group person-group-type="author">
<name>
<surname>Delgado López-Cózar</surname>
<given-names>E.</given-names>
</name>
</person-group>
<article-title>Las revistas electrónicas en acceso abierto: pasado, presente y futuro</article-title>
<source>RELIEVE - Revista Electrónica de Investigación y Evaluación Educativa</source>
<year>2015</year>
<volume>21</volume>
<issue>1</issue>
<pub-id pub-id-type="doi">10.7203/relieve.21.1.5005</pub-id>
</element-citation>
</ref>
<ref id="ref11">
<mixed-citation>López Ornelas, M. y Cordero Arroyo, G. (2005). Un intento por definir las características generales de las revistas académicas electrónicas. <italic>Razón y palabra</italic>, (43). Recuperado de <ext-link ext-link-type="uri" xlink:href="http://eprints.rclis.org/15700/1/caracrevelec.pdf">http://eprints.rclis.org/15700/1/caracrevelec.pdf</ext-link>
</mixed-citation>
<element-citation publication-type="journal">
<person-group person-group-type="author">
<name>
<surname>López Ornelas</surname>
<given-names>M.</given-names>
</name>
<name>
<surname>Cordero Arroyo</surname>
<given-names>G.</given-names>
</name>
</person-group>
<article-title>Un intento por definir las características generales de las revistas académicas electrónicas</article-title>
<source>Razón y palabra</source>
<year>2005</year>
<issue>43</issue>
<comment>
<ext-link ext-link-type="uri" xlink:href="http://eprints.rclis.org/15700/1/caracrevelec.pdf">http://eprints.rclis.org/15700/1/caracrevelec.pdf</ext-link>
</comment>
</element-citation>
</ref>
<ref id="ref12">
<mixed-citation>Martín, S. (2013). El DOI en las revistas científicas del portal SciELO. <italic>Palabra Clave (La Plata), 3</italic>(1), 12-29. Recuperado de <ext-link ext-link-type="uri" xlink:href="https://www.palabraclave.fahce.unlp.edu.ar/article/view/PCv3n1a02">https://www.palabraclave.fahce.unlp.edu.ar/article/view/PCv3n1a02</ext-link>
</mixed-citation>
<element-citation publication-type="journal">
<person-group person-group-type="author">
<name>
<surname>Martín</surname>
<given-names>S.</given-names>
</name>
</person-group>
<article-title>El DOI en las revistas científicas del portal SciELO</article-title>
<source>Palabra Clave (La Plata)</source>
<year>2013</year>
<volume>3</volume>
<issue>1</issue>
<fpage>12</fpage>
<lpage>29</lpage>
</element-citation>
</ref>
<ref id="ref13">
<mixed-citation>Martínez Guerrero, C. A. (2018). Uso de redes sociales en las revistas científicas de la Universidad de Los Andes, Venezuela. <italic>e-Ciencias de la información, 8</italic>(1). DOI: 10.15517/ECI.V8I1.28104</mixed-citation>
<element-citation publication-type="journal">
<person-group person-group-type="author">
<name>
<surname>Martínez Guerrero</surname>
<given-names>C. A.</given-names>
</name>
</person-group>
<article-title>Uso de redes sociales en las revistas científicas de la Universidad de Los Andes, Venezuela</article-title>
<source>e-Ciencias de la información</source>
<year>2018</year>
<volume>8</volume>
<issue>1</issue>
<pub-id pub-id-type="doi">10.15517/ECI.V8I1.28104</pub-id>
</element-citation>
</ref>
<ref id="ref14">
<mixed-citation>Padula, D. (2019). Journal indexing: core standards and why they matter. <italic>LSE blog </italic>[Mensaje en un blog]. Recuperado de <ext-link ext-link-type="uri" xlink:href="https://blogs.lse.ac.uk/impactofsocialsciences/2019/08/22/journal-indexing-core-standards-and-why-they-matter">https://blogs.lse.ac.uk/impactofsocialsciences/2019/08/22/journal-indexing-core-standards-and-why-they-matter</ext-link>/</mixed-citation>
<element-citation publication-type="webpage">
<person-group person-group-type="author">
<name>
<surname>Padula</surname>
<given-names>D.</given-names>
</name>
</person-group>
<article-title>Journal indexing: core standards and why they matter</article-title>
<source>LSE blog</source>
<year>2019</year>
<comment>
<ext-link ext-link-type="uri" xlink:href="https://blogs.lse.ac.uk/impactofsocialsciences/2019/08/22/journal-indexing-core-standards-and-why-they-matter">https://blogs.lse.ac.uk/impactofsocialsciences/2019/08/22/journal-indexing-core-standards-and-why-they-matter</ext-link>
</comment>
<comment>Mensaje en un blog</comment>
</element-citation>
</ref>
<ref id="ref15">
<mixed-citation>Passos, P. C. S. J., Passos, J. E., Caregnato, S. E. y Silva, T. L. K. (2018). Critérios de qualidade em periódicos científicos, <italic>Informação &amp; Sociedade, 28(2) 209-226. Recuperado de </italic>
<ext-link ext-link-type="uri" xlink:href="https://periodicos.ufpb.br/ojs/index.php/ies/article/view/39101/20803">https://periodicos.ufpb.br/ojs/index.php/ies/article/view/39101/20803</ext-link>
</mixed-citation>
<element-citation publication-type="journal">
<person-group person-group-type="author">
<name>
<surname>Passos</surname>
<given-names>P. C. S. J.</given-names>
</name>
<name>
<surname>Passos</surname>
<given-names>J. E.</given-names>
</name>
<name>
<surname>Caregnato</surname>
<given-names>S. E.</given-names>
</name>
<name>
<surname>Silva</surname>
<given-names>T. L. K.</given-names>
</name>
</person-group>
<article-title>Critérios de qualidade em periódicos científicos</article-title>
<source>Informação &amp; Socieda</source>
<year>2018</year>
<volume>28</volume>
<issue>2</issue>
<fpage>209</fpage>
<lpage>226</lpage>
<comment>
<ext-link ext-link-type="uri" xlink:href="https://periodicos.ufpb.br/ojs/index.php/ies/article/view/39101/20803">https://periodicos.ufpb.br/ojs/index.php/ies/article/view/39101/20803</ext-link>
</comment>
</element-citation>
</ref>
<ref id="ref16">
<mixed-citation>Polanco Cortés, J. y Sánchez Islas, L. A. (22 de octubre de 2019). Criterios del Catálogo Latindex en Open Journal Systems 3 [Taller]. En <italic>10ª. Conferencia Internacional sobre Revistas Científicas</italic>, Guadalajara, México</mixed-citation>
<element-citation publication-type="confproc">
<person-group person-group-type="author">
<name>
<surname>Polanco Cortés</surname>
<given-names>J.</given-names>
</name>
<name>
<surname>Sánchez Islas</surname>
<given-names>L. A.</given-names>
</name>
</person-group>
<source>10ª. Conferencia Internacional sobre Revistas Científicas</source>
<year>2019</year>
<publisher-loc>Guadalajara, México</publisher-loc>
<comment>Taller</comment>
<conf-name>Criterios del Catálogo Latindex en Open Journal Systems 3</conf-name>
</element-citation>
</ref>
<ref id="ref17">
<mixed-citation>Rodríguez Yunta, L. y Tejada Artigas, C. M. (2013). El editor técnico: un perfil necesario para la profesionalización de la edición de revistas científicas en el entorno digital. <italic>Anales de documentación</italic>, 16(2) DOI: 10.6018/analesdoc.16.2.176391</mixed-citation>
<element-citation publication-type="journal">
<person-group person-group-type="author">
<name>
<surname>Rodríguez Yunta</surname>
<given-names>L.</given-names>
</name>
<name>
<surname>Tejada Artigas</surname>
<given-names>C. M.</given-names>
</name>
</person-group>
<article-title>El editor técnico: un perfil necesario para la profesionalización de la edición de revistas científicas en el entorno digital</article-title>
<source>Anales de documentación</source>
<year>2013</year>
<volume>16</volume>
<issue>2</issue>
<pub-id pub-id-type="doi">10.6018/analesdoc.16.2.176391</pub-id>
</element-citation>
</ref>
<ref id="ref18">
<mixed-citation>Voutssás, J. (2012). Aspectos para el desarrollo de una revista científica digital. <italic>Investigación Bibliotecológica, 26</italic>(58) 71-100. Recuperado de <ext-link ext-link-type="uri" xlink:href="http://www.scielo.org.mx/pdf/ib/v26n58/v26n58a4.pdf">http://www.scielo.org.mx/pdf/ib/v26n58/v26n58a4.pdf</ext-link>
</mixed-citation>
<element-citation publication-type="journal">
<person-group person-group-type="author">
<name>
<surname>Voutssás</surname>
<given-names>J.</given-names>
</name>
</person-group>
<article-title>Aspectos para el desarrollo de una revista científica digital</article-title>
<source>Investigación Bibliotecológica</source>
<year>2012</year>
<volume>26</volume>
<issue>58</issue>
<fpage>71</fpage>
<lpage>100</lpage>
</element-citation>
</ref>
</ref-list>
</back>
</article>